<?xml version="1.0" encoding="UTF-8"?>
<idempiere Name="org.tgi.action.periodopenclose" Version="1" idempiereVersion="" DataBaseVersion="" Description="" Author="" AuthorEmail="nmicoud@tgi.fr" CreatedDate="2017-05-15 08:47:07.0" UpdatedDate="2017-05-15 08:47:07.0" PackOutVersion="100" UpdateDictionary="false" Client="0-SYSTEM-System" AD_Client_UU="11237b53-9592-4af1-b3c5-afd216514b5d">
    <AD_EntityType type="table">
        <AD_Client_ID>0</AD_Client_ID>
        <AD_Org_ID>0</AD_Org_ID>
        <AD_EntityType_UU>4876fa9c-f797-451d-a679-269ad6e85968</AD_EntityType_UU>
        <Classpath/>
        <Description/>
        <EntityType>TGI</EntityType>
        <Help>nmicoud@tgi.fr</Help>
        <IsActive>true</IsActive>
        <ModelPackage/>
        <Name>T.G.I.</Name>
        <Processing>false</Processing>
        <Version/>
    </AD_EntityType>
    <AD_Message type="table">
        <AD_Client_ID>0</AD_Client_ID>
        <AD_Org_ID>0</AD_Org_ID>
        <AD_Message_UU>7dc448b2-e402-414e-8da4-c609391e4457</AD_Message_UU>
        <EntityType>TGI</EntityType>
        <IsActive>true</IsActive>
        <MsgText>Open / Close selected periods</MsgText>
        <MsgTip/>
        <MsgType>I</MsgType>
        <Value>org.tgi.action.periodOpenClose.label</Value>
        <AD_Message_Trl type="translation">
            <MsgText>Open / Close selected periods</MsgText>
            <MsgTip/>
            <AD_Language>es_ES</AD_Language>
            <IsActive>true</IsActive>
            <IsTranslated>false</IsTranslated>
        </AD_Message_Trl>
        <AD_Message_Trl type="translation">
            <MsgText>Open / Close selected periods</MsgText>
            <MsgTip/>
            <AD_Language>fr_CA</AD_Language>
            <IsActive>true</IsActive>
            <IsTranslated>false</IsTranslated>
        </AD_Message_Trl>
        <AD_Message_Trl type="translation">
            <MsgText>Open / Close selected periods</MsgText>
            <MsgTip/>
            <AD_Language>fr_FR</AD_Language>
            <IsActive>true</IsActive>
            <IsTranslated>false</IsTranslated>
        </AD_Message_Trl>
        <AD_Message_Trl type="translation">
            <MsgText>Open / Close selected periods</MsgText>
            <MsgTip/>
            <AD_Language>it_IT</AD_Language>
            <IsActive>true</IsActive>
            <IsTranslated>false</IsTranslated>
        </AD_Message_Trl>
    </AD_Message>
    <AD_Message type="table">
        <AD_Client_ID>0</AD_Client_ID>
        <AD_Org_ID>0</AD_Org_ID>
        <AD_Message_UU>66a50dcb-78e6-4c5e-a1e6-6ce07aec1ffb</AD_Message_UU>
        <EntityType>U</EntityType>
        <IsActive>true</IsActive>
        <MsgText>org.tgi.action.treeCarnet.tooltip</MsgText>
        <MsgTip/>
        <MsgType>I</MsgType>
        <Value>org.tgi.action.treeCarnet.tooltip</Value>
        <AD_Message_Trl type="translation">
            <MsgText>Acciones sobre el arbol del expediente</MsgText>
            <MsgTip/>
            <AD_Language>es_ES</AD_Language>
            <IsActive>true</IsActive>
            <IsTranslated>false</IsTranslated>
        </AD_Message_Trl>
        <AD_Message_Trl type="translation">
            <MsgText>org.tgi.action.treeCarnet.tooltip</MsgText>
            <MsgTip/>
            <AD_Language>fr_CA</AD_Language>
            <IsActive>true</IsActive>
            <IsTranslated>false</IsTranslated>
        </AD_Message_Trl>
        <AD_Message_Trl type="translation">
            <MsgText>Actions sur l'arborescence</MsgText>
            <MsgTip/>
            <AD_Language>fr_FR</AD_Language>
            <IsActive>true</IsActive>
            <IsTranslated>true</IsTranslated>
        </AD_Message_Trl>
        <AD_Message_Trl type="translation">
            <MsgText>Azioni sull'arborescenza</MsgText>
            <MsgTip/>
            <AD_Language>it_IT</AD_Language>
            <IsActive>true</IsActive>
            <IsTranslated>false</IsTranslated>
        </AD_Message_Trl>
    </AD_Message>
    <AD_ToolBarButton type="table">
        <AD_Client_ID>0</AD_Client_ID>
        <AD_Org_ID>0</AD_Org_ID>
        <AD_Process_ID reference="id"/>
        <AD_Tab_ID reference="id"/>
        <AD_ToolBarButton_UU>34eaff5b-834a-45e7-801a-d83281c9ec1c</AD_ToolBarButton_UU>
        <Action>W</Action>
        <ActionClassName>org.tgi.action.periodOpenClose</ActionClassName>
        <ActionName/>
        <ComponentName>PeriodOpenClose</ComponentName>
        <DisplayLogic>@_WinInfo_AD_Window_UU@=389eafec-f34c-4e66-830a-214a264d8d02</DisplayLogic>
        <IsActive>true</IsActive>
        <IsAddSeparator>true</IsAddSeparator>
        <IsAdvancedButton>false</IsAdvancedButton>
        <IsCustomization>true</IsCustomization>
        <KeyStroke_KeyCode>0</KeyStroke_KeyCode>
        <KeyStroke_Modifiers>0</KeyStroke_Modifiers>
        <Name>PeriodOpenClose</Name>
        <SeqNo/>
    </AD_ToolBarButton>
</idempiere>
